{"name": "DESPLd__WORD_PROPERTY_WRDHYPn__RandomForestClassifier", "features": ["DESPLd", "WORD_PROPERTY_WRDHYPn"], "model": "RandomForestClassifier", "accuracy": 0.9203539823008849, "precision_true": [0.9473684210526315], "recall_true": [0.9], "f1_score_true": [0.9230769230769231], "precision_false": [0.8928571428571429], "recall_false": [0.9433962264150944], "f1_score_false": [0.9174311926605505], "cv_scores": [0.9222222222222223, 0.9333333333333333, 0.9333333333333333, 0.8555555555555555, 0.9111111111111111], "mean_cv_accuracy": 0.9111111111111111, "confussion_matrix": [[50, 6], [3, 54]], "data_test_source": "training dataset", "training_normalized_together": "no", "testing_normalized_together": "no"}