{"name": "DESPLd__WORD_PROPERTY_WRDHYPn__KNeighborsClassifier", "features": ["DESPLd", "WORD_PROPERTY_WRDHYPn"], "model": "KNeighborsClassifier", "accuracy": 0.6991150442477876, "precision_true": [0.7166666666666667], "recall_true": [0.7166666666666667], "f1_score_true": [0.7166666666666667], "precision_false": [0.6792452830188679], "recall_false": [0.6792452830188679], "f1_score_false": [0.6792452830188679], "cv_scores": [0.7111111111111111, 0.7666666666666667, 0.7333333333333333, 0.7111111111111111, 0.7777777777777778], "mean_cv_accuracy": 0.74, "confussion_matrix": [[36, 17], [17, 43]], "data_test_source": "training dataset", "training_normalized_together": "no", "testing_normalized_together": "no"}