{"name": "DESWLltd__RandomForestClassifier", "features": ["DESWLltd"], "model": "RandomForestClassifier", "accuracy": 0.9333333333333333, "precision_true": [0.9333333333333333], "recall_true": [0.9333333333333333], "f1_score_true": [0.9333333333333333], "precision_false": [0.9333333333333333], "recall_false": [0.9333333333333333], "f1_score_false": [0.9333333333333333], "cv_scores": [0.9270833333333334, 0.8958333333333334, 0.8958333333333334, 0.96875, 0.9479166666666666], "mean_cv_accuracy": 0.9270833333333334, "confussion_matrix": [[56, 4], [4, 56]], "data_test_source": "training dataset", "training_normalized_together": "no", "testing_normalized_together": "no"}