{"name": "DESWLltd__WORD_PROPERTY_WRDHYPn__KNeighborsClassifier", "features": ["DESWLltd", "WORD_PROPERTY_WRDHYPn"], "model": "KNeighborsClassifier", "accuracy": 0.95, "precision_true": [0.921875], "recall_true": [0.9833333333333333], "f1_score_true": [0.9516129032258064], "precision_false": [0.9821428571428571], "recall_false": [0.9166666666666666], "f1_score_false": [0.9482758620689654], "cv_scores": [0.9583333333333334, 0.9270833333333334, 0.9583333333333334, 0.96875, 0.9791666666666666], "mean_cv_accuracy": 0.9583333333333334, "confussion_matrix": [[55, 1], [5, 59]], "data_test_source": "training dataset", "training_normalized_together": "no", "testing_normalized_together": "no"}