{"name": "DESPLd__DESWLltd__WORD_PROPERTY_WRDHYPn__SVC", "features": ["DESPLd", "DESWLltd", "WORD_PROPERTY_WRDHYPn"], "model": "SVC", "accuracy": 0.9646017699115044, "precision_true": [0.9375], "recall_true": [1.0], "f1_score_true": [0.967741935483871], "precision_false": [1.0], "recall_false": [0.9245283018867925], "f1_score_false": [0.9607843137254902], "cv_scores": [0.9444444444444444, 0.9111111111111111, 0.9888888888888889, 0.9222222222222223, 0.9666666666666667], "mean_cv_accuracy": 0.9466666666666667, "confussion_matrix": [[49, 0], [4, 60]]}