{"name": "DESPLd__WORD_PROPERTY_WRDHYPn__LogisticRegression", "features": ["DESPLd", "WORD_PROPERTY_WRDHYPn"], "model": "LogisticRegression", "accuracy": 0.511943539630836, "precision_true": [0.5208978328173375], "recall_true": [0.924133196017851], "f1_score_true": [0.666254176463309], "precision_false": [0.38268156424581007], "recall_false": [0.052430156907768845], "f1_score_false": [0.09222484012117131], "confussion_matrix": [[137, 221], [2476, 2692]]}