{"name": "DESPLd__DESWLltd__WORD_PROPERTY_WRDHYPn__KNeighborsClassifier", "features": ["DESPLd", "DESWLltd", "WORD_PROPERTY_WRDHYPn"], "model": "KNeighborsClassifier", "accuracy": 0.9823008849557522, "precision_true": [0.967741935483871], "recall_true": [1.0], "f1_score_true": [0.9836065573770492], "precision_false": [1.0], "recall_false": [0.9622641509433962], "f1_score_false": [0.9807692307692307], "cv_scores": [0.9666666666666667, 0.9111111111111111, 0.9888888888888889, 0.9777777777777777, 0.9777777777777777], "mean_cv_accuracy": 0.9644444444444444, "confussion_matrix": [[51, 0], [2, 60]]}