{"name": "DESPLd__WORD_PROPERTY_WRDHYPn__RandomForestClassifier", "features": ["DESPLd", "WORD_PROPERTY_WRDHYPn"], "model": "RandomForestClassifier", "accuracy": 0.8845457835685848, "precision_true": [0.8987031195233088], "recall_true": [0.8801922416752489], "f1_score_true": [0.8893513701005897], "precision_false": [0.8694350916573139], "recall_false": [0.8893991580558744], "f1_score_false": [0.8793038214150587], "confussion_matrix": [[2324, 349], [289, 2564]], "data_test_source": "second dataset"}