{"name": "DESPLd__WORD_PROPERTY_WRDHYPn__SVC", "features": ["DESPLd", "WORD_PROPERTY_WRDHYPn"], "model": "SVC", "accuracy": 0.511943539630836, "precision_true": [0.5210198520825223], "recall_true": [0.9189838654308273], "f1_score_true": [0.6650105576946963], "precision_false": [0.3917525773195876], "recall_false": [0.05817068503635668], "f1_score_false": [0.10129956681106297], "confussion_matrix": [[152, 236], [2461, 2677]], "data_test_source": "second dataset"}