{"name": "DESPLd__DESWLltd__WORD_PROPERTY_WRDHYPn__SVC", "features": ["DESPLd", "DESWLltd", "WORD_PROPERTY_WRDHYPn"], "model": "SVC", "accuracy": 0.16720955483170466, "precision_true": [0.2593331433456825], "recall_true": [0.312392722279437], "f1_score_true": [0.2834008097165992], "precision_false": [0.006941001487357461], "recall_false": [0.005357826253348641], "f1_score_false": [0.006047516198704104], "confussion_matrix": [[14, 2003], [2599, 910]]}