{"name": "DESPLd__DESWLltd__WORD_PROPERTY_WRDHYPn__RandomForestClassifier", "features": ["DESPLd", "DESWLltd", "WORD_PROPERTY_WRDHYPn"], "model": "RandomForestClassifier", "accuracy": 0.04867897213174086, "precision_true": [0.08703312191684284], "recall_true": [0.08479231033299005], "f1_score_true": [0.0858981046774474], "precision_false": [0.00818452380952381], "recall_false": [0.008419441255262151], "f1_score_false": [0.00830032069420864], "confussion_matrix": [[22, 2666], [2591, 247]]}