{"name": "DESPLd__WORD_PROPERTY_WRDHYPn__RandomForestClassifier", "features": ["DESPLd", "WORD_PROPERTY_WRDHYPn"], "model": "RandomForestClassifier", "accuracy": 0.911504424778761, "precision_true": [0.9629629629629629], "recall_true": [0.8666666666666667], "f1_score_true": [0.912280701754386], "precision_false": [0.864406779661017], "recall_false": [0.9622641509433962], "f1_score_false": [0.9107142857142857], "cv_scores": [0.9111111111111111, 0.9444444444444444, 0.9222222222222223, 0.8555555555555555, 0.9222222222222223], "mean_cv_accuracy": 0.9111111111111111, "confussion_matrix": [[51, 8], [2, 52]], "data_test_source": "training dataset", "training_normalized_together": "no", "testing_normalized_together": "no"}