{"name": "DESPLd__WORD_PROPERTY_WRDHYPn__KNeighborsClassifier", "features": ["DESPLd", "WORD_PROPERTY_WRDHYPn"], "model": "KNeighborsClassifier", "accuracy": 0.6954397394136808, "precision_true": [0.6693281938325991], "recall_true": [0.8345348438036388], "f1_score_true": [0.7428571428571428], "precision_false": [0.7455121436114044], "recall_false": [0.5403750478377344], "f1_score_false": [0.6265808741956955], "confussion_matrix": [[1412, 482], [1201, 2431]]}