{"name": "DESPLd__DESWLltd__WORD_PROPERTY_WRDHYPn__KNeighborsClassifier", "features": ["DESPLd", "DESWLltd", "WORD_PROPERTY_WRDHYPn"], "model": "KNeighborsClassifier", "accuracy": 0.16811436844010133, "precision_true": [0.2603870233352305], "recall_true": [0.3141091658084449], "f1_score_true": [0.28473626886572273], "precision_false": [0.006958250497017893], "recall_false": [0.005357826253348641], "f1_score_false": [0.006054054054054054], "confussion_matrix": [[14, 1998], [2599, 915]], "data_test_source": "second dataset"}