{"name": "DESPLd__WORD_PROPERTY_WRDHYPn__LogisticRegression", "features": ["DESPLd", "WORD_PROPERTY_WRDHYPn"], "model": "LogisticRegression", "accuracy": 0.7699115044247787, "precision_true": [0.7741935483870968], "recall_true": [0.8], "f1_score_true": [0.7868852459016393], "precision_false": [0.7647058823529411], "recall_false": [0.7358490566037735], "f1_score_false": [0.7499999999999999], "cv_scores": [0.7111111111111111, 0.7444444444444445, 0.7555555555555555, 0.7444444444444445, 0.7888888888888889], "mean_cv_accuracy": 0.7488888888888889, "confussion_matrix": [[39, 12], [14, 48]], "data_test_source": "training dataset"}