{"name": "DESPLd__WORD_PROPERTY_WRDHYPn__RandomForestClassifier", "features": ["DESPLd", "WORD_PROPERTY_WRDHYPn"], "model": "RandomForestClassifier", "accuracy": 0.9203539823008849, "precision_true": [0.9811320754716981], "recall_true": [0.8666666666666667], "f1_score_true": [0.9203539823008849], "precision_false": [0.8666666666666667], "recall_false": [0.9811320754716981], "f1_score_false": [0.9203539823008849], "cv_scores": [0.9222222222222223, 0.9333333333333333, 0.9444444444444444, 0.8555555555555555, 0.9333333333333333], "mean_cv_accuracy": 0.9177777777777777, "confussion_matrix": [[52, 8], [1, 52]], "data_test_source": "training dataset"}