{"name": "DESPLd__DESWLltd__WORD_PROPERTY_WRDHYPn__LogisticRegression", "features": ["DESPLd", "DESWLltd", "WORD_PROPERTY_WRDHYPn"], "model": "LogisticRegression", "accuracy": 0.23307998552298226, "precision_true": [0.3289439710818487], "recall_true": [0.4373498111912118], "f1_score_true": [0.37547892720306514], "precision_false": [0.008469449485783424], "recall_false": [0.005357826253348641], "f1_score_false": [0.006563525550867323], "confussion_matrix": [[14, 1639], [2599, 1274]]}