{"name": "DESWLltd__WORD_PROPERTY_WRDHYPn__KNeighborsClassifier", "features": ["DESWLltd", "WORD_PROPERTY_WRDHYPn"], "model": "KNeighborsClassifier", "accuracy": 0.02490482233502538, "precision_true": [0.039021368844843606], "recall_true": [0.03974763406940063], "f1_score_true": [0.039381153305203934], "precision_false": [0.010081300813008131], "recall_false": [0.009891512444160817], "f1_score_false": [0.009985504912224191], "confussion_matrix": [[31, 3044], [3103, 126]]}