{"name": "DESWLltd__DESPLd__SVC", "features": ["DESWLltd", "DESPLd"], "model": "SVC", "accuracy": 0.9734513274336283, "precision_true": [0.9523809523809523], "recall_true": [1.0], "f1_score_true": [0.975609756097561], "precision_false": [1.0], "recall_false": [0.9433962264150944], "f1_score_false": [0.970873786407767], "cv_scores": [0.9222222222222223, 0.9, 0.9888888888888889, 0.9555555555555556, 0.9666666666666667], "mean_cv_accuracy": 0.9466666666666667, "confussion_matrix": [[50, 0], [3, 60]]}