{"name": "DESWLltd__WORD_PROPERTY_WRDHYPn__SVC", "features": ["DESWLltd", "WORD_PROPERTY_WRDHYPn"], "model": "SVC", "accuracy": 0.04108502538071066, "precision_true": [0.07127945123769758], "recall_true": [0.07539432176656151], "f1_score_true": [0.07327916602790127], "precision_false": [0.006777363605557438], "recall_false": [0.006381620931716656], "f1_score_false": [0.00657354149548069], "confussion_matrix": [[20, 2931], [3114, 239]], "data_test_source": "second dataset"}