{"name": "DESWLltd__RandomForestClassifier", "features": ["DESWLltd"], "model": "RandomForestClassifier", "accuracy": 0.02259083728278041, "precision_true": [0.028455284552845527], "recall_true": [0.02869757174392936], "f1_score_true": [0.02857591458627728], "precision_false": [0.016602809706257982], "recall_false": [0.01646090534979424], "f1_score_false": [0.016531553012239707], "confussion_matrix": [[52, 3080], [3107, 91]]}