{"name": "DESWLltd__WORD_PROPERTY_WRDHYPn__RandomForestClassifier", "features": ["DESWLltd", "WORD_PROPERTY_WRDHYPn"], "model": "RandomForestClassifier", "accuracy": 0.9333333333333333, "precision_true": [0.9193548387096774], "recall_true": [0.95], "f1_score_true": [0.9344262295081968], "precision_false": [0.9482758620689655], "recall_false": [0.9166666666666666], "f1_score_false": [0.9322033898305084], "cv_scores": [0.9479166666666666, 0.9375, 0.9270833333333334, 0.9791666666666666, 0.9791666666666666], "mean_cv_accuracy": 0.9541666666666666, "confussion_matrix": [[55, 3], [5, 57]], "data_test_source": "training dataset", "training_normalized_together": "no", "testing_normalized_together": "no"}