{"name": "DESWLltd__DESPLd__SVC", "features": ["DESWLltd", "DESPLd"], "model": "SVC", "accuracy": 0.2077452044878755, "precision_true": [0.303987155472304], "recall_true": [0.3899759697905939], "f1_score_true": [0.3416541353383458], "precision_false": [0.006707657909446618], "recall_false": [0.004592422502870264], "f1_score_false": [0.005452067242162654], "confussion_matrix": [[12, 1777], [2601, 1136]], "data_test_source": "second dataset"}