{"name": "DESWLltd__LogisticRegression", "features": ["DESWLltd"], "model": "LogisticRegression", "accuracy": 0.95, "precision_true": [0.9090909090909091], "recall_true": [1.0], "f1_score_true": [0.9523809523809523], "precision_false": [1.0], "recall_false": [0.9], "f1_score_false": [0.9473684210526316], "cv_scores": [0.8958333333333334, 0.90625, 0.96875, 0.96875, 0.9791666666666666], "mean_cv_accuracy": 0.94375, "confussion_matrix": [[54, 0], [6, 60]], "data_test_source": "training dataset"}