{"name": "DESWLltd__KNeighborsClassifier", "features": ["DESWLltd"], "model": "KNeighborsClassifier", "accuracy": 0.95, "precision_true": [0.921875], "recall_true": [0.9833333333333333], "f1_score_true": [0.9516129032258064], "precision_false": [0.9821428571428571], "recall_false": [0.9166666666666666], "f1_score_false": [0.9482758620689654], "cv_scores": [0.9583333333333334, 0.9270833333333334, 0.9375, 0.9791666666666666, 0.9791666666666666], "mean_cv_accuracy": 0.95625, "confussion_matrix": [[55, 1], [5, 59]]}