{"name": "DESWLltd__WORD_PROPERTY_WRDHYPn__RandomForestClassifier", "features": ["DESWLltd", "WORD_PROPERTY_WRDHYPn"], "model": "RandomForestClassifier", "accuracy": 0.016973350253807105, "precision_true": [0.02028526148969889], "recall_true": [0.02018927444794953], "f1_score_true": [0.020237154150197625], "precision_false": [0.01365512861225786], "recall_false": [0.01372048500319081], "f1_score_false": [0.013687728791978352], "confussion_matrix": [[43, 3106], [3091, 64]]}