{"name": "DESWLltd__WORD_PROPERTY_WRDHYPn__SVC", "features": ["DESWLltd", "WORD_PROPERTY_WRDHYPn"], "model": "SVC", "accuracy": 0.95, "precision_true": [0.9090909090909091], "recall_true": [1.0], "f1_score_true": [0.9523809523809523], "precision_false": [1.0], "recall_false": [0.9], "f1_score_false": [0.9473684210526316], "cv_scores": [0.9166666666666666, 0.90625, 0.96875, 0.9270833333333334, 0.9791666666666666], "mean_cv_accuracy": 0.9395833333333334, "confussion_matrix": [[54, 0], [6, 60]], "data_test_source": "training dataset", "training_normalized_together": "no", "testing_normalized_together": "no"}