{"name": "DESWLltd__SVC", "features": ["DESWLltd"], "model": "SVC", "accuracy": 0.0679304897314376, "precision_true": [0.11552550014088475], "recall_true": [0.1292967518133081], "f1_score_true": [0.12202380952380952], "precision_false": [0.00719165767709457], "recall_false": [0.006331117442228553], "f1_score_false": [0.006734006734006734], "confussion_matrix": [[20, 2761], [3139, 410]]}