{"name": "DESWLltd__DESPLd__LogisticRegression", "features": ["DESWLltd", "DESPLd"], "model": "LogisticRegression", "accuracy": 0.3123416576185306, "precision_true": [0.39721900347624567], "recall_true": [0.5883968417439066], "f1_score_true": [0.4742667404537908], "precision_false": [0.00990916597853014], "recall_false": [0.004592422502870264], "f1_score_false": [0.006276150627615062], "confussion_matrix": [[12, 1199], [2601, 1714]]}