{"name": "DESWLltd__DESPLd__KNeighborsClassifier", "features": ["DESWLltd", "DESPLd"], "model": "KNeighborsClassifier", "accuracy": 0.08161418747737965, "precision_true": [0.14370468029004616], "recall_true": [0.1496738757294885], "f1_score_true": [0.14662855221119891], "precision_false": [0.006019261637239166], "recall_false": [0.0057405281285878304], "f1_score_false": [0.005876591576885407], "confussion_matrix": [[15, 2477], [2598, 436]]}