{"name": "DESWLltd__DESPLd__RandomForestClassifier", "features": ["DESWLltd", "DESPLd"], "model": "RandomForestClassifier", "accuracy": 0.056098443720593555, "precision_true": [0.10114305507447177], "recall_true": [0.10024030209406111], "f1_score_true": [0.10068965517241378], "precision_false": [0.006820765441455097], "recall_false": [0.006888633754305396], "f1_score_false": [0.006854531607006855], "confussion_matrix": [[18, 2621], [2595, 292]]}