{"name": "DESWLltd__DESPLd__RandomForestClassifier", "features": ["DESWLltd", "DESPLd"], "model": "RandomForestClassifier", "accuracy": 1.0, "precision_true": [1.0], "recall_true": [1.0], "f1_score_true": [1.0], "precision_false": [1.0], "recall_false": [1.0], "f1_score_false": [1.0], "cv_scores": [0.9888888888888889, 0.9333333333333333, 0.9555555555555556, 0.9888888888888889, 0.9777777777777777], "mean_cv_accuracy": 0.9688888888888888, "confussion_matrix": [[53, 0], [0, 60]], "data_test_source": "training dataset"}