{"name": "DESWLltd__WORD_PROPERTY_WRDHYPn__LogisticRegression", "features": ["DESWLltd", "WORD_PROPERTY_WRDHYPn"], "model": "LogisticRegression", "accuracy": 0.9416666666666667, "precision_true": [0.8955223880597015], "recall_true": [1.0], "f1_score_true": [0.9448818897637796], "precision_false": [1.0], "recall_false": [0.8833333333333333], "f1_score_false": [0.9380530973451328], "cv_scores": [0.9270833333333334, 0.9166666666666666, 0.96875, 0.90625, 0.9583333333333334], "mean_cv_accuracy": 0.9354166666666666, "confussion_matrix": [[53, 0], [7, 60]]}