{"name": "DESPLd__DESWLltd__WORD_PROPERTY_WRDHYPn__KNeighborsClassifier", "features": ["DESPLd", "DESWLltd", "WORD_PROPERTY_WRDHYPn"], "model": "KNeighborsClassifier", "accuracy": 0.5929203539823009, "precision_true": [0.6029411764705882], "recall_true": [0.6833333333333333], "f1_score_true": [0.640625], "precision_false": [0.5777777777777777], "recall_false": [0.49056603773584906], "f1_score_false": [0.5306122448979591], "cv_scores": [0.6111111111111112, 0.6333333333333333, 0.6333333333333333, 0.5777777777777777, 0.6666666666666666], "mean_cv_accuracy": 0.6244444444444445, "confussion_matrix": [[26, 19], [27, 41]], "data_test_source": "training dataset", "training_normalized_together": "yes", "testing_normalized_together": "yes, subset of training"}