{"name": "DESWLltd__DESPLd__SVC", "features": ["DESWLltd", "DESPLd"], "model": "SVC", "accuracy": 0.5309734513274337, "precision_true": [0.5333333333333333], "recall_true": [0.9333333333333333], "f1_score_true": [0.6787878787878787], "precision_false": [0.5], "recall_false": [0.07547169811320754], "f1_score_false": [0.13114754098360656], "cv_scores": [0.5, 0.5444444444444444, 0.5444444444444444, 0.5555555555555556, 0.5444444444444444], "mean_cv_accuracy": 0.5377777777777777, "confussion_matrix": [[4, 4], [49, 56]], "data_test_source": "training dataset", "training_normalized_together": "yes", "testing_normalized_together": "yes, subset of training"}