{"name": "DESPLd__WORD_PROPERTY_WRDHYPn__RandomForestClassifier", "features": ["DESPLd", "WORD_PROPERTY_WRDHYPn"], "model": "RandomForestClassifier", "accuracy": 0.6548672566371682, "precision_true": [0.6615384615384615], "recall_true": [0.7166666666666667], "f1_score_true": [0.688], "precision_false": [0.6458333333333334], "recall_false": [0.5849056603773585], "f1_score_false": [0.6138613861386139], "cv_scores": [0.6333333333333333, 0.6333333333333333, 0.6666666666666666, 0.6222222222222222, 0.6222222222222222], "mean_cv_accuracy": 0.6355555555555555, "confussion_matrix": [[31, 17], [22, 43]], "data_test_source": "training dataset", "training_normalized_together": "yes", "testing_normalized_together": "yes, subset of training"}