{"name": "DESPLd__WORD_PROPERTY_WRDHYPn__LogisticRegression", "features": ["DESPLd", "WORD_PROPERTY_WRDHYPn"], "model": "LogisticRegression", "accuracy": 0.5929203539823009, "precision_true": [0.5813953488372093], "recall_true": [0.8333333333333334], "f1_score_true": [0.684931506849315], "precision_false": [0.6296296296296297], "recall_false": [0.32075471698113206], "f1_score_false": [0.425], "cv_scores": [0.5666666666666667, 0.5222222222222223, 0.5555555555555556, 0.6, 0.5666666666666667], "mean_cv_accuracy": 0.5622222222222222, "confussion_matrix": [[17, 10], [36, 50]], "data_test_source": "training dataset", "training_normalized_together": "yes", "testing_normalized_together": "yes, subset of training"}