{"name": "DESPLd__WORD_PROPERTY_WRDHYPn__RandomForestClassifier", "features": ["DESPLd", "WORD_PROPERTY_WRDHYPn"], "model": "RandomForestClassifier", "accuracy": 0.6814159292035398, "precision_true": [0.6818181818181818], "recall_true": [0.75], "f1_score_true": [0.7142857142857143], "precision_false": [0.6808510638297872], "recall_false": [0.6037735849056604], "f1_score_false": [0.64], "cv_scores": [0.6555555555555556, 0.6444444444444445, 0.6666666666666666, 0.6, 0.6222222222222222], "mean_cv_accuracy": 0.6377777777777778, "confussion_matrix": [[32, 15], [21, 45]], "data_test_source": "training dataset", "training_normalized_together": "yes", "testing_normalized_together": "yes, subset of training"}