{"name": "DESPLd__DESWLltd__WORD_PROPERTY_WRDHYPn__RandomForestClassifier", "features": ["DESPLd", "DESWLltd", "WORD_PROPERTY_WRDHYPn"], "model": "RandomForestClassifier", "accuracy": 0.6106194690265486, "precision_true": [0.6333333333333333], "recall_true": [0.6333333333333333], "f1_score_true": [0.6333333333333333], "precision_false": [0.5849056603773585], "recall_false": [0.5849056603773585], "f1_score_false": [0.5849056603773585], "cv_scores": [0.6444444444444445, 0.5666666666666667, 0.6444444444444445, 0.6666666666666666, 0.6333333333333333], "mean_cv_accuracy": 0.6311111111111111, "confussion_matrix": [[31, 22], [22, 38]], "data_test_source": "training dataset", "training_normalized_together": "yes", "testing_normalized_together": "yes, subset of training"}