{"name": "DESWLltd__DESPLd__LogisticRegression", "features": ["DESWLltd", "DESPLd"], "model": "LogisticRegression", "accuracy": 0.5663716814159292, "precision_true": [0.5604395604395604], "recall_true": [0.85], "f1_score_true": [0.6754966887417219], "precision_false": [0.5909090909090909], "recall_false": [0.24528301886792453], "f1_score_false": [0.3466666666666666], "cv_scores": [0.5777777777777777, 0.5444444444444444, 0.5555555555555556, 0.5888888888888889, 0.5444444444444444], "mean_cv_accuracy": 0.5622222222222222, "confussion_matrix": [[13, 9], [40, 51]], "data_test_source": "training dataset", "training_normalized_together": "yes", "testing_normalized_together": "yes, subset of training"}