{"name": "DESWLltd__WORD_PROPERTY_WRDHYPn__RandomForestClassifier", "features": ["DESWLltd", "WORD_PROPERTY_WRDHYPn"], "model": "RandomForestClassifier", "accuracy": 0.48333333333333334, "precision_true": [0.4838709677419355], "recall_true": [0.5], "f1_score_true": [0.4918032786885246], "precision_false": [0.4827586206896552], "recall_false": [0.4666666666666667], "f1_score_false": [0.47457627118644075], "cv_scores": [0.5416666666666666, 0.4895833333333333, 0.4895833333333333, 0.5833333333333334, 0.5104166666666666], "mean_cv_accuracy": 0.5229166666666666, "confussion_matrix": [[28, 30], [32, 30]], "data_test_source": "training dataset", "training_normalized_together": "yes", "testing_normalized_together": "yes, subset of training"}