{"name": "DESWLltd__DESPLd__RandomForestClassifier", "features": ["DESWLltd", "DESPLd"], "model": "RandomForestClassifier", "accuracy": 0.6106194690265486, "precision_true": [0.6290322580645161], "recall_true": [0.65], "f1_score_true": [0.639344262295082], "precision_false": [0.5882352941176471], "recall_false": [0.5660377358490566], "f1_score_false": [0.576923076923077], "cv_scores": [0.6, 0.5222222222222223, 0.6333333333333333, 0.6888888888888889, 0.6111111111111112], "mean_cv_accuracy": 0.6111111111111112, "confussion_matrix": [[30, 21], [23, 39]], "data_test_source": "training dataset", "training_normalized_together": "yes", "testing_normalized_together": "yes, subset of training"}