{"name": "DESWLltd__RandomForestClassifier", "features": ["DESWLltd"], "model": "RandomForestClassifier", "accuracy": 0.55, "precision_true": [0.5454545454545454], "recall_true": [0.6], "f1_score_true": [0.5714285714285713], "precision_false": [0.5555555555555556], "recall_false": [0.5], "f1_score_false": [0.5263157894736842], "cv_scores": [0.4166666666666667, 0.46875, 0.4791666666666667, 0.4895833333333333, 0.5416666666666666], "mean_cv_accuracy": 0.4791666666666667, "confussion_matrix": [[30, 24], [30, 36]], "data_test_source": "training dataset", "training_normalized_together": "yes", "testing_normalized_together": "yes, subset of training"}