{"name": "DESWLltd__WORD_PROPERTY_WRDHYPn__RandomForestClassifier", "features": ["DESWLltd", "WORD_PROPERTY_WRDHYPn"], "model": "RandomForestClassifier", "accuracy": 0.4666666666666667, "precision_true": [0.4696969696969697], "recall_true": [0.5166666666666667], "f1_score_true": [0.4920634920634921], "precision_false": [0.46296296296296297], "recall_false": [0.4166666666666667], "f1_score_false": [0.43859649122807015], "cv_scores": [0.5520833333333334, 0.5104166666666666, 0.4895833333333333, 0.5104166666666666, 0.5104166666666666], "mean_cv_accuracy": 0.5145833333333333, "confussion_matrix": [[25, 29], [35, 31]], "data_test_source": "training dataset", "training_normalized_together": "yes", "testing_normalized_together": "yes, subset of training"}