{"name": "DESWLltd__WORD_PROPERTY_WRDHYPn__LogisticRegression", "features": ["DESWLltd", "WORD_PROPERTY_WRDHYPn"], "model": "LogisticRegression", "accuracy": 0.575, "precision_true": [0.5714285714285714], "recall_true": [0.6], "f1_score_true": [0.5853658536585366], "precision_false": [0.5789473684210527], "recall_false": [0.55], "f1_score_false": [0.5641025641025641], "cv_scores": [0.5833333333333334, 0.6041666666666666, 0.59375, 0.46875, 0.6354166666666666], "mean_cv_accuracy": 0.5770833333333333, "confussion_matrix": [[33, 24], [27, 36]], "data_test_source": "training dataset", "training_normalized_together": "yes", "testing_normalized_together": "yes, subset of training"}