{"name": "DESWLltd__KNeighborsClassifier", "features": ["DESWLltd"], "model": "KNeighborsClassifier", "accuracy": 0.525, "precision_true": [0.5223880597014925], "recall_true": [0.5833333333333334], "f1_score_true": [0.5511811023622046], "precision_false": [0.5283018867924528], "recall_false": [0.4666666666666667], "f1_score_false": [0.49557522123893805], "cv_scores": [0.4791666666666667, 0.4791666666666667, 0.4479166666666667, 0.5416666666666666, 0.5729166666666666], "mean_cv_accuracy": 0.5041666666666667, "confussion_matrix": [[28, 25], [32, 35]], "data_test_source": "training dataset", "training_normalized_together": "yes", "testing_normalized_together": "yes, subset of training"}