{"name": "DESWLltd__LogisticRegression", "features": ["DESWLltd"], "model": "LogisticRegression", "accuracy": 0.575, "precision_true": [0.576271186440678], "recall_true": [0.5666666666666667], "f1_score_true": [0.5714285714285714], "precision_false": [0.5737704918032787], "recall_false": [0.5833333333333334], "f1_score_false": [0.5785123966942148], "cv_scores": [0.5520833333333334, 0.6354166666666666, 0.5208333333333334, 0.5729166666666666, 0.59375], "mean_cv_accuracy": 0.575, "confussion_matrix": [[35, 26], [25, 34]], "data_test_source": "training dataset", "training_normalized_together": "yes", "testing_normalized_together": "yes, subset of training"}