{"name": "DESWLltd__WORD_PROPERTY_WRDHYPn__KNeighborsClassifier", "features": ["DESWLltd", "WORD_PROPERTY_WRDHYPn"], "model": "KNeighborsClassifier", "accuracy": 0.5166666666666667, "precision_true": [0.5151515151515151], "recall_true": [0.5666666666666667], "f1_score_true": [0.5396825396825397], "precision_false": [0.5185185185185185], "recall_false": [0.4666666666666667], "f1_score_false": [0.4912280701754386], "cv_scores": [0.5208333333333334, 0.5520833333333334, 0.46875, 0.5, 0.53125], "mean_cv_accuracy": 0.5145833333333334, "confussion_matrix": [[28, 26], [32, 34]], "data_test_source": "training dataset", "training_normalized_together": "yes", "testing_normalized_together": "yes, subset of training"}