{"name": "DESWLltd__DESPLd__RandomForestClassifier", "features": ["DESWLltd", "DESPLd"], "model": "RandomForestClassifier", "accuracy": 0.6017699115044248, "precision_true": [0.6153846153846154], "recall_true": [0.6666666666666666], "f1_score_true": [0.64], "precision_false": [0.5833333333333334], "recall_false": [0.5283018867924528], "f1_score_false": [0.5544554455445545], "cv_scores": [0.5666666666666667, 0.5333333333333333, 0.6222222222222222, 0.7111111111111111, 0.5888888888888889], "mean_cv_accuracy": 0.6044444444444446, "confussion_matrix": [[28, 20], [25, 40]], "data_test_source": "training dataset", "training_normalized_together": "yes", "testing_normalized_together": "yes, subset of training"}