{"name": "DESPLd__WORD_PROPERTY_WRDHYPn__RandomForestClassifier", "features": ["DESPLd", "WORD_PROPERTY_WRDHYPn"], "model": "RandomForestClassifier", "accuracy": 0.6902654867256637, "precision_true": [0.6923076923076923], "recall_true": [0.75], "f1_score_true": [0.7199999999999999], "precision_false": [0.6875], "recall_false": [0.6226415094339622], "f1_score_false": [0.6534653465346534], "cv_scores": [0.6444444444444445, 0.6333333333333333, 0.6888888888888889, 0.6222222222222222, 0.6555555555555556], "mean_cv_accuracy": 0.6488888888888888, "confussion_matrix": [[33, 15], [20, 45]], "data_test_source": "training dataset", "training_normalized_together": "yes", "testing_normalized_together": "yes, subset of training"}