{"name": "DESPLd__DESWLltd__WORD_PROPERTY_WRDHYPn__LogisticRegression", "features": ["DESPLd", "DESWLltd", "WORD_PROPERTY_WRDHYPn"], "model": "LogisticRegression", "accuracy": 0.5752212389380531, "precision_true": [0.5681818181818182], "recall_true": [0.8333333333333334], "f1_score_true": [0.6756756756756758], "precision_false": [0.6], "recall_false": [0.2830188679245283], "f1_score_false": [0.3846153846153846], "cv_scores": [0.5666666666666667, 0.5444444444444444, 0.5555555555555556, 0.5888888888888889, 0.5444444444444444], "mean_cv_accuracy": 0.5599999999999999, "confussion_matrix": [[15, 10], [38, 50]], "data_test_source": "training dataset", "training_normalized_together": "yes", "testing_normalized_together": "yes, subset of training"}