{"name": "DESPLd__WORD_PROPERTY_WRDHYPn__SVC", "features": ["DESPLd", "WORD_PROPERTY_WRDHYPn"], "model": "SVC", "accuracy": 0.5309734513274337, "precision_true": [0.5315315315315315], "recall_true": [0.9833333333333333], "f1_score_true": [0.6900584795321638], "precision_false": [0.5], "recall_false": [0.018867924528301886], "f1_score_false": [0.03636363636363636], "cv_scores": [0.5666666666666667, 0.5333333333333333, 0.5555555555555556, 0.5666666666666667, 0.5222222222222223], "mean_cv_accuracy": 0.5488888888888889, "confussion_matrix": [[1, 1], [52, 59]], "data_test_source": "training dataset", "training_normalized_together": "yes", "testing_normalized_together": "yes, subset of training"}