{"name": "DESPLd__WORD_PROPERTY_WRDHYPn__KNeighborsClassifier", "features": ["DESPLd", "WORD_PROPERTY_WRDHYPn"], "model": "KNeighborsClassifier", "accuracy": 0.584070796460177, "precision_true": [0.6031746031746031], "recall_true": [0.6333333333333333], "f1_score_true": [0.6178861788617885], "precision_false": [0.56], "recall_false": [0.5283018867924528], "f1_score_false": [0.5436893203883495], "cv_scores": [0.6666666666666666, 0.6555555555555556, 0.6222222222222222, 0.5666666666666667, 0.6], "mean_cv_accuracy": 0.6222222222222222, "confussion_matrix": [[28, 22], [25, 38]], "data_test_source": "training dataset", "training_normalized_together": "yes", "testing_normalized_together": "yes, subset of training"}