{"name": "DESPLd__DESWLltd__WORD_PROPERTY_WRDHYPn__RandomForestClassifier", "features": ["DESPLd", "DESWLltd", "WORD_PROPERTY_WRDHYPn"], "model": "RandomForestClassifier", "accuracy": 0.6283185840707964, "precision_true": [0.640625], "recall_true": [0.6833333333333333], "f1_score_true": [0.6612903225806451], "precision_false": [0.6122448979591837], "recall_false": [0.5660377358490566], "f1_score_false": [0.588235294117647], "cv_scores": [0.6111111111111112, 0.5555555555555556, 0.6222222222222222, 0.6666666666666666, 0.6555555555555556], "mean_cv_accuracy": 0.6222222222222222, "confussion_matrix": [[30, 19], [23, 41]], "data_test_source": "training dataset", "training_normalized_together": "yes", "testing_normalized_together": "yes, subset of training"}