{"name": "DESWLltd__WORD_PROPERTY_WRDHYPn__RandomForestClassifier", "features": ["DESWLltd", "WORD_PROPERTY_WRDHYPn"], "model": "RandomForestClassifier", "accuracy": 0.48333333333333334, "precision_true": [0.484375], "recall_true": [0.5166666666666667], "f1_score_true": [0.5000000000000001], "precision_false": [0.48214285714285715], "recall_false": [0.45], "f1_score_false": [0.46551724137931033], "cv_scores": [0.5208333333333334, 0.5416666666666666, 0.4583333333333333, 0.5208333333333334, 0.5625], "mean_cv_accuracy": 0.5208333333333333, "confussion_matrix": [[27, 29], [33, 31]], "data_test_source": "training dataset", "training_normalized_together": "yes", "testing_normalized_together": "yes, subset of training"}