{"name": "DESWLltd__DESPLd__RandomForestClassifier", "features": ["DESWLltd", "DESPLd"], "model": "RandomForestClassifier", "accuracy": 0.6194690265486725, "precision_true": [0.6268656716417911], "recall_true": [0.7], "f1_score_true": [0.6614173228346456], "precision_false": [0.6086956521739131], "recall_false": [0.5283018867924528], "f1_score_false": [0.5656565656565657], "cv_scores": [0.5777777777777777, 0.5666666666666667, 0.6222222222222222, 0.6888888888888889, 0.6], "mean_cv_accuracy": 0.6111111111111112, "confussion_matrix": [[28, 18], [25, 42]], "data_test_source": "training dataset", "training_normalized_together": "yes", "testing_normalized_together": "yes, subset of training"}