{"name": "DESWLltd__DESPLd__KNeighborsClassifier", "features": ["DESWLltd", "DESPLd"], "model": "KNeighborsClassifier", "accuracy": 0.6106194690265486, "precision_true": [0.625], "recall_true": [0.6666666666666666], "f1_score_true": [0.6451612903225806], "precision_false": [0.5918367346938775], "recall_false": [0.5471698113207547], "f1_score_false": [0.5686274509803921], "cv_scores": [0.5555555555555556, 0.5555555555555556, 0.6444444444444445, 0.5888888888888889, 0.6], "mean_cv_accuracy": 0.5888888888888889, "confussion_matrix": [[29, 20], [24, 40]], "data_test_source": "training dataset", "training_normalized_together": "yes", "testing_normalized_together": "yes, subset of training"}